{
  "name": "Amazon clone",
  "lockfileVersion": 3,
  "requires": true,
  "packages": {
  
    "node_modules/add-px-to-style": {
      "version": "1.0.0",
      "resolved": "https://registry.npmjs.org/add-px-to-style/-/add-px-to-style-1.0.0.tgz",
      "integrity": "sha512-YMyxSlXpPjD8uWekCQGuN40lV4bnZagUwqa2m/uFv1z/tNImSk9fnXVMUI5qwME/zzI3MMQRvjZ+69zyfSSyew=="
    },
    "node_modules/array-union": {
      "version": "1.0.2",
      "resolved": "https://registry.npmjs.org/array-union/-/array-union-1.0.2.tgz",
      "integrity": "sha512-Dxr6QJj/RdU/hCaBjOfxW+q6lyuVE6JFWIrAUpuOOhoJJoQ99cUn3igRaHVB5P9WrgFVN0FfArM3x0cueOU8ng==",
      "dev": true,
      "dependencies": {
        "array-uniq": "^1.0.1"
      },
      "engines": {
        "node": ">=0.10.0"
      }
    },
    "node_modules/array-uniq": {
      "version": "1.0.3",
      "resolved": "https://registry.npmjs.org/array-uniq/-/array-uniq-1.0.3.tgz",
      "integrity": "sha512-MNha4BWQ6JbwhFhj03YK552f7cb3AzoE8SzeljgChvL1dl3IcvggXVz1DilzySZkCja+CXuZbdW7yATchWn8/Q==",
      "dev": true,
      "engines": {
        "node": ">=0.10.0"
      }
    },
    "node_modules/async": {
      "version": "3.2.5",
      "resolved": "https://registry.npmjs.org/async/-/async-3.2.5.tgz",
      "integrity": "sha512-baNZyqaaLhyLVKm/DlvdW051MSgO6b8eVfIezl9E5PqWxFgzLm/wQntEW4zOytVburDEr0JlALEpdOFwvErLsg==",
      "dev": true
    },
    "node_modules/balanced-match": {
      "version": "1.0.2",
      "resolved": "https://registry.npmjs.org/balanced-match/-/balanced-match-1.0.2.tgz",
      "integrity": "sha512-3oSeUO0TMV67hN1AmbXsK4yaqU7tjiHlbxRDZOpH0KW9+CeX4bRAaX0Anxt0tx2MrpRpWwQaPwIlISEJhYU5Pw==",
      "dev": true
    },
    "node_modules/brace-expansion": {
      "version": "1.1.11",
      "resolved": "https://registry.npmjs.org/brace-expansion/-/brace-expansion-1.1.11.tgz",
      "integrity": "sha512-iCuPHDFgrHX7H2vEI/5xpz07zSHB00TpugqhmYtVmMO6518mCuRMoOYFldEBl0g187ufozdaHgWKcYFb61qGiA==",
      "dev": true,
      "dependencies": {
        "balanced-match": "^1.0.0",
        "concat-map": "0.0.1"
      }
    },
    "node_modules/commander": {
      "version": "11.1.0",
      "resolved": "https://registry.npmjs.org/commander/-/commander-11.1.0.tgz",
      "integrity": "sha512-yPVavfyCcRhmorC7rWlkHn15b4wDVgVmBA7kV4QVBsF7kv/9TKJAbAXVTxvTnwP8HHKjRCJDClKbciiYS7p0DQ==",
      "dev": true,
      "engines": {
        "node": ">=16"
      }
    },
    "node_modules/commondir": {
      "version": "1.0.1",
      "resolved": "https://registry.npmjs.org/commondir/-/commondir-1.0.1.tgz",
      "integrity": "sha512-W9pAhw0ja1Edb5GVdIF1mjZw/ASI0AlShXM83UUGe2DVr5TdAPEA1OA8m/g8zWp9x6On7gqufY+FatDbC3MDQg==",
      "dev": true
    },
    "node_modules/concat-map": {
      "version": "0.0.1",
      "resolved": "https://registry.npmjs.org/concat-map/-/concat-map-0.0.1.tgz",
      "integrity": "sha512-/Srv4dswyQNBfohGpz9o6Yb3Gz3SrUDqBH5rTuhGR7ahtlbYKnVxw2bCFMRljaA7EXHaXZ8wsHdodFvbkhKmqg==",
      "dev": true
    },
    "node_modules/dom-css": {
      "version": "2.1.0",
      "resolved": "https://registry.npmjs.org/dom-css/-/dom-css-2.1.0.tgz",
      "integrity": "sha512-w9kU7FAbaSh3QKijL6n59ofAhkkmMJ31GclJIz/vyQdjogfyxcB6Zf8CZyibOERI5o0Hxz30VmJS7+7r5fEj2Q==",
      "dependencies": {
        "add-px-to-style": "1.0.0",
        "prefix-style": "2.0.1",
        "to-camel-case": "1.0.0"
      }
    },
    "node_modules/email-addresses": {
      "version": "5.0.0",
      "resolved": "https://registry.npmjs.org/email-addresses/-/email-addresses-5.0.0.tgz",
      "integrity": "sha512-4OIPYlA6JXqtVn8zpHpGiI7vE6EQOAg16aGnDMIAlZVinnoZ8208tW1hAbjWydgN/4PLTT9q+O1K6AH/vALJGw==",
      "dev": true
    },
    "node_modules/escape-string-regexp": {
      "version": "1.0.5",
      "resolved": "https://registry.npmjs.org/escape-string-regexp/-/escape-string-regexp-1.0.5.tgz",
      "integrity": "sha512-vbRorB5FUQWvla16U8R/qgaFIya2qGzwDrNmCZuYKrbdSUMG6I1ZCGQRefkRVhuOkIGVne7BQ35DSfo1qvJqFg==",
      "dev": true,
      "engines": {
        "node": ">=0.8.0"
      }
    },
    "node_modules/filename-reserved-regex": {
      "version": "2.0.0",
      "resolved": "https://registry.npmjs.org/filename-reserved-regex/-/filename-reserved-regex-2.0.0.tgz",
      "integrity": "sha512-lc1bnsSr4L4Bdif8Xb/qrtokGbq5zlsms/CYH8PP+WtCkGNF65DPiQY8vG3SakEdRn8Dlnm+gW/qWKKjS5sZzQ==",
      "dev": true,
      "engines": {
        "node": ">=4"
      }
    },
    "node_modules/filenamify": {
      "version": "4.3.0",
      "resolved": "https://registry.npmjs.org/filenamify/-/filenamify-4.3.0.tgz",
      "integrity": "sha512-hcFKyUG57yWGAzu1CMt/dPzYZuv+jAJUT85bL8mrXvNe6hWj6yEHEc4EdcgiA6Z3oi1/9wXJdZPXF2dZNgwgOg==",
      "dev": true,
      "dependencies": {
        "filename-reserved-regex": "^2.0.0",
        "strip-outer": "^1.0.1",
        "trim-repeated": "^1.0.0"
      },
      "engines": {
        "node": ">=8"
      },
      "funding": {
        "url": "https://github.com/sponsors/sindresorhus"
      }
    },
    "node_modules/find-cache-dir": {
      "version": "3.3.2",
      "resolved": "https://registry.npmjs.org/find-cache-dir/-/find-cache-dir-3.3.2.tgz",
      "integrity": "sha512-wXZV5emFEjrridIgED11OoUKLxiYjAcqot/NJdAkOhlJ+vGzwhOAfcG5OX1jP+S0PcjEn8bdMJv+g2jwQ3Onig==",
      "dev": true,
      "dependencies": {
        "commondir": "^1.0.1",
        "make-dir": "^3.0.2",
        "pkg-dir": "^4.1.0"
      },
      "engines": {
        "node": ">=8"
      },
      "funding": {
        "url": "https://github.com/avajs/find-cache-dir?sponsor=1"
      }
    },
    "node_modules/find-up": {
      "version": "4.1.0",
      "resolved": "https://registry.npmjs.org/find-up/-/find-up-4.1.0.tgz",
      "integrity": "sha512-PpOwAdQ/YlXQ2vj8a3h8IipDuYRi3wceVQQGYWxNINccq40Anw7BlsEXCMbt1Zt+OLA6Fq9suIpIWD0OsnISlw==",
      "dev": true,
      "dependencies": {
        "locate-path": "^5.0.0",
        "path-exists": "^4.0.0"
      },
      "engines": {
        "node": ">=8"
      }
    },
    "node_modules/fs-extra": {
      "version": "11.2.0",
      "resolved": "https://registry.npmjs.org/fs-extra/-/fs-extra-11.2.0.tgz",
      "integrity": "sha512-PmDi3uwK5nFuXh7XDTlVnS17xJS7vW36is2+w3xcv8SVxiB4NyATf4ctkVY5bkSjX0Y4nbvZCq1/EjtEyr9ktw==",
      "dev": true,
      "dependencies": {
        "graceful-fs": "^4.2.0",
        "jsonfile": "^6.0.1",
        "universalify": "^2.0.0"
      },
      "engines": {
        "node": ">=14.14"
      }
    },
    "node_modules/fs.realpath": {
      "version": "1.0.0",
      "resolved": "https://registry.npmjs.org/fs.realpath/-/fs.realpath-1.0.0.tgz",
      "integrity": "sha512-OO0pH2lK6a0hZnAdau5ItzHPI6pUlvI7jMVnxUQRtw4owF2wk8lOSabtGDCTP4Ggrg2MbGnWO9X8K1t4+fGMDw==",
      "dev": true
    },
    "node_modules/gh-pages": {
      "version": "6.1.1",
      "resolved": "https://registry.npmjs.org/gh-pages/-/gh-pages-6.1.1.tgz",
      "integrity": "sha512-upnohfjBwN5hBP9w2dPE7HO5JJTHzSGMV1JrLrHvNuqmjoYHg6TBrCcnEoorjG/e0ejbuvnwyKMdTyM40PEByw==",
      "dev": true,
      "dependencies": {
        "async": "^3.2.4",
        "commander": "^11.0.0",
        "email-addresses": "^5.0.0",
        "filenamify": "^4.3.0",
        "find-cache-dir": "^3.3.1",
        "fs-extra": "^11.1.1",
        "globby": "^6.1.0"
      },
      "bin": {
        "gh-pages": "bin/gh-pages.js",
        "gh-pages-clean": "bin/gh-pages-clean.js"
      },
      "engines": {
        "node": ">=10"
      }
    },
    "node_modules/glob": {
      "version": "7.2.3",
      "resolved": "https://registry.npmjs.org/glob/-/glob-7.2.3.tgz",
      "integrity": "sha512-nFR0zLpU2YCaRxwoCJvL6UvCH2JFyFVIvwTLsIf21AuHlMskA1hhTdk+LlYJtOlYt9v6dvszD2BGRqBL+iQK9Q==",
      "deprecated": "Glob versions prior to v9 are no longer supported",
      "dev": true,
      "dependencies": {
        "fs.realpath": "^1.0.0",
        "inflight": "^1.0.4",
        "inherits": "2",
        "minimatch": "^3.1.1",
        "once": "^1.3.0",
        "path-is-absolute": "^1.0.0"
      },
      "engines": {
        "node": "*"
      },
      "funding": {
        "url": "https://github.com/sponsors/isaacs"
      }
    },
    "node_modules/globby": {
      "version": "6.1.0",
      "resolved": "https://registry.npmjs.org/globby/-/globby-6.1.0.tgz",
      "integrity": "sha512-KVbFv2TQtbzCoxAnfD6JcHZTYCzyliEaaeM/gH8qQdkKr5s0OP9scEgvdcngyk7AVdY6YVW/TJHd+lQ/Df3Daw==",
      "dev": true,
      "dependencies": {
        "array-union": "^1.0.1",
        "glob": "^7.0.3",
        "object-assign": "^4.0.1",
        "pify": "^2.0.0",
        "pinkie-promise": "^2.0.0"
      },
      "engines": {
        "node": ">=0.10.0"
      }
    },
    "node_modules/graceful-fs": {
      "version": "4.2.11",
      "resolved": "https://registry.npmjs.org/graceful-fs/-/graceful-fs-4.2.11.tgz",
      "integrity": "sha512-RbJ5/jmFcNNCcDV5o9eTnBLJ/HszWV0P73bc+Ff4nS/rJj+YaS6IGyiOL0VoBYX+l1Wrl3k63h/KrH+nhJ0XvQ==",
      "dev": true
    },
    "node_modules/inflight": {
      "version": "1.0.6",
      "resolved": "https://registry.npmjs.org/inflight/-/inflight-1.0.6.tgz",
      "integrity": "sha512-k92I/b08q4wvFscXCLvqfsHCrjrF7yiXsQuIVvVE7N82W3+aqpzuUdBbfhWcy/FZR3/4IgflMgKLOsvPDrGCJA==",
      "deprecated": "This module is not supported, and leaks memory. Do not use it. Check out lru-cache if you want a good and tested way to coalesce async requests by a key value, which is much more comprehensive and powerful.",
      "dev": true,
      "dependencies": {
        "once": "^1.3.0",
        "wrappy": "1"
      }
    },
    "node_modules/inherits": {
      "version": "2.0.4",
      "resolved": "https://registry.npmjs.org/inherits/-/inherits-2.0.4.tgz",
      "integrity": "sha512-k/vGaX4/Yla3WzyMCvTQOXYeIHvqOKtnqBduzTHpzpQZzAskKMhZ2K+EnBiSM9zGSoIFeMpXKxa4dYeZIQqewQ==",
      "dev": true
    },
    "node_modules/js-tokens": {
      "version": "4.0.0",
      "resolved": "https://registry.npmjs.org/js-tokens/-/js-tokens-4.0.0.tgz",
      "integrity": "sha512-RdJUflcE3cUzKiMqQgsCu06FPu9UdIJO0beYbPhHN4k6apgJtifcoCtT9bcxOpYBtpD2kCM6Sbzg4CausW/PKQ=="
    },
    "node_modules/jsonfile": {
      "version": "6.1.0",
      "resolved": "https://registry.npmjs.org/jsonfile/-/jsonfile-6.1.0.tgz",
      "integrity": "sha512-5dgndWOriYSm5cnYaJNhalLNDKOqFwyDB/rr1E9ZsGciGvKPs8R2xYGCacuf3z6K1YKDz182fd+fY3cn3pMqXQ==",
      "dev": true,
      "dependencies": {
        "universalify": "^2.0.0"
      },
      "optionalDependencies": {
        "graceful-fs": "^4.1.6"
      }
    },
    "node_modules/locate-path": {
      "version": "5.0.0",
      "resolved": "https://registry.npmjs.org/locate-path/-/locate-path-5.0.0.tgz",
      "integrity": "sha512-t7hw9pI+WvuwNJXwk5zVHpyhIqzg2qTlklJOf0mVxGSbe3Fp2VieZcduNYjaLDoy6p9uGpQEGWG87WpMKlNq8g==",
      "dev": true,
      "dependencies": {
        "p-locate": "^4.1.0"
      },
      "engines": {
        "node": ">=8"
      }
    },
    "node_modules/loose-envify": {
      "version": "1.4.0",
      "resolved": "https://registry.npmjs.org/loose-envify/-/loose-envify-1.4.0.tgz",
      "integrity": "sha512-lyuxPGr/Wfhrlem2CL/UcnUc1zcqKAImBDzukY7Y5F/yQiNdko6+fRLevlw1HgMySw7f611UIY408EtxRSoK3Q==",
      "dependencies": {
        "js-tokens": "^3.0.0 || ^4.0.0"
      },
      "bin": {
        "loose-envify": "cli.js"
      }
    },
    "node_modules/make-dir": {
      "version": "3.1.0",
      "resolved": "https://registry.npmjs.org/make-dir/-/make-dir-3.1.0.tgz",
      "integrity": "sha512-g3FeP20LNwhALb/6Cz6Dd4F2ngze0jz7tbzrD2wAV+o9FeNHe4rL+yK2md0J/fiSf1sa1ADhXqi5+oVwOM/eGw==",
      "dev": true,
      "dependencies": {
        "semver": "^6.0.0"
      },
      "engines": {
        "node": ">=8"
      },
      "funding": {
        "url": "https://github.com/sponsors/sindresorhus"
      }
    },
    "node_modules/minimatch": {
      "version": "3.1.2",
      "resolved": "https://registry.npmjs.org/minimatch/-/minimatch-3.1.2.tgz",
      "integrity": "sha512-J7p63hRiAjw1NDEww1W7i37+ByIrOWO5XQQAzZ3VOcL0PNybwpfmV/N05zFAzwQ9USyEcX6t3UO+K5aqBQOIHw==",
      "dev": true,
      "dependencies": {
        "brace-expansion": "^1.1.7"
      },
      "engines": {
        "node": "*"
      }
    },
    "node_modules/object-assign": {
      "version": "4.1.1",
      "resolved": "https://registry.npmjs.org/object-assign/-/object-assign-4.1.1.tgz",
      "integrity": "sha512-rJgTQnkUnH1sFw8yT6VSU3zD3sWmu6sZhIseY8VX+GRu3P6F7Fu+JNDoXfklElbLJSnc3FUQHVe4cU5hj+BcUg==",
      "engines": {
        "node": ">=0.10.0"
      }
    },
    "node_modules/once": {
      "version": "1.4.0",
      "resolved": "https://registry.npmjs.org/once/-/once-1.4.0.tgz",
      "integrity": "sha512-lNaJgI+2Q5URQBkccEKHTQOPaXdUxnZZElQTZY0MFUAuaEqe1E+Nyvgdz/aIyNi6Z9MzO5dv1H8n58/GELp3+w==",
      "dev": true,
      "dependencies": {
        "wrappy": "1"
      }
    },
    "node_modules/p-limit": {
      "version": "2.3.0",
      "resolved": "https://registry.npmjs.org/p-limit/-/p-limit-2.3.0.tgz",
      "integrity": "sha512-//88mFWSJx8lxCzwdAABTJL2MyWB12+eIY7MDL2SqLmAkeKU9qxRvWuSyTjm3FUmpBEMuFfckAIqEaVGUDxb6w==",
      "dev": true,
      "dependencies": {
        "p-try": "^2.0.0"
      },
      "engines": {
        "node": ">=6"
      },
      "funding": {
        "url": "https://github.com/sponsors/sindresorhus"
      }
    },
    "node_modules/p-locate": {
      "version": "4.1.0",
      "resolved": "https://registry.npmjs.org/p-locate/-/p-locate-4.1.0.tgz",
      "integrity": "sha512-R79ZZ/0wAxKGu3oYMlz8jy/kbhsNrS7SKZ7PxEHBgJ5+F2mtFW2fK2cOtBh1cHYkQsbzFV7I+EoRKe6Yt0oK7A==",
      "dev": true,
      "dependencies": {
        "p-limit": "^2.2.0"
      },
      "engines": {
        "node": ">=8"
      }
    },
    "node_modules/p-try": {
      "version": "2.2.0",
      "resolved": "https://registry.npmjs.org/p-try/-/p-try-2.2.0.tgz",
      "integrity": "sha512-R4nPAVTAU0B9D35/Gk3uJf/7XYbQcyohSKdvAxIRSNghFl4e71hVoGnBNQz9cWaXxO2I10KTC+3jMdvvoKw6dQ==",
      "dev": true,
      "engines": {
        "node": ">=6"
      }
    },
    "node_modules/path-exists": {
      "version": "4.0.0",
      "resolved": "https://registry.npmjs.org/path-exists/-/path-exists-4.0.0.tgz",
      "integrity": "sha512-ak9Qy5Q7jYb2Wwcey5Fpvg2KoAc/ZIhLSLOSBmRmygPsGwkVVt0fZa0qrtMz+m6tJTAHfZQ8FnmB4MG4LWy7/w==",
      "dev": true,
      "engines": {
        "node": ">=8"
      }
    },
    "node_modules/path-is-absolute": {
      "version": "1.0.1",
      "resolved": "https://registry.npmjs.org/path-is-absolute/-/path-is-absolute-1.0.1.tgz",
      "integrity": "sha512-AVbw3UJ2e9bq64vSaS9Am0fje1Pa8pbGqTTsmXfaIiMpnr5DlDhfJOuLj9Sf95ZPVDAUerDfEk88MPmPe7UCQg==",
      "dev": true,
      "engines": {
        "node": ">=0.10.0"
      }
    },
    "node_modules/performance-now": {
      "version": "2.1.0",
      "resolved": "https://registry.npmjs.org/performance-now/-/performance-now-2.1.0.tgz",
      "integrity": "sha512-7EAHlyLHI56VEIdK57uwHdHKIaAGbnXPiw0yWbarQZOKaKpvUIgW0jWRVLiatnM+XXlSwsanIBH/hzGMJulMow=="
    },
    "node_modules/pify": {
      "version": "2.3.0",
      "resolved": "https://registry.npmjs.org/pify/-/pify-2.3.0.tgz",
      "integrity": "sha512-udgsAY+fTnvv7kI7aaxbqwWNb0AHiB0qBO89PZKPkoTmGOgdbrHDKD+0B2X4uTfJ/FT1R09r9gTsjUjNJotuog==",
      "dev": true,
      "engines": {
        "node": ">=0.10.0"
      }
    },
    "node_modules/pinkie": {
      "version": "2.0.4",
      "resolved": "https://registry.npmjs.org/pinkie/-/pinkie-2.0.4.tgz",
      "integrity": "sha512-MnUuEycAemtSaeFSjXKW/aroV7akBbY+Sv+RkyqFjgAe73F+MR0TBWKBRDkmfWq/HiFmdavfZ1G7h4SPZXaCSg==",
      "dev": true,
      "engines": {
        "node": ">=0.10.0"
      }
    },
    "node_modules/pinkie-promise": {
      "version": "2.0.1",
      "resolved": "https://registry.npmjs.org/pinkie-promise/-/pinkie-promise-2.0.1.tgz",
      "integrity": "sha512-0Gni6D4UcLTbv9c57DfxDGdr41XfgUjqWZu492f0cIGr16zDU06BWP/RAEvOuo7CQ0CNjHaLlM59YJJFm3NWlw==",
      "dev": true,
      "dependencies": {
        "pinkie": "^2.0.0"
      },
      "engines": {
        "node": ">=0.10.0"
      }
    },
    "node_modules/pkg-dir": {
      "version": "4.2.0",
      "resolved": "https://registry.npmjs.org/pkg-dir/-/pkg-dir-4.2.0.tgz",
      "integrity": "sha512-HRDzbaKjC+AOWVXxAU/x54COGeIv9eb+6CkDSQoNTt4XyWoIJvuPsXizxu/Fr23EiekbtZwmh1IcIG/l/a10GQ==",
      "dev": true,
      "dependencies": {
        "find-up": "^4.0.0"
      },
      "engines": {
        "node": ">=8"
      }
    },
    "node_modules/prefix-style": {
      "version": "2.0.1",
      "resolved": "https://registry.npmjs.org/prefix-style/-/prefix-style-2.0.1.tgz",
      "integrity": "sha512-gdr1MBNVT0drzTq95CbSNdsrBDoHGlb2aDJP/FoY+1e+jSDPOb1Cv554gH2MGiSr2WTcXi/zu+NaFzfcHQkfBQ=="
    },
    "node_modules/prop-types": {
      "version": "15.8.1",
      "resolved": "https://registry.npmjs.org/prop-types/-/prop-types-15.8.1.tgz",
      "integrity": "sha512-oj87CgZICdulUohogVAR7AjlC0327U4el4L6eAvOqCeudMDVU0NThNaV+b9Df4dXgSP1gXMTnPdhfe/2qDH5cg==",
      "dependencies": {
        "loose-envify": "^1.4.0",
        "object-assign": "^4.1.1",
        "react-is": "^16.13.1"
      }
    },
    "node_modules/raf": {
      "version": "3.4.1",
      "resolved": "https://registry.npmjs.org/raf/-/raf-3.4.1.tgz",
      "integrity": "sha512-Sq4CW4QhwOHE8ucn6J34MqtZCeWFP2aQSmrlroYgqAV1PjStIhJXxYuTgUIfkEk7zTLjmIjLmU5q+fbD1NnOJA==",
      "dependencies": {
        "performance-now": "^2.1.0"
      }
    },
    "node_modules/react": {
      "version": "16.14.0",
      "resolved": "https://registry.npmjs.org/react/-/react-16.14.0.tgz",
      "integrity": "sha512-0X2CImDkJGApiAlcf0ODKIneSwBPhqJawOa5wCtKbu7ZECrmS26NvtSILynQ66cgkT/RJ4LidJOc3bUESwmU8g==",
      "peer": true,
      "dependencies": {
        "loose-envify": "^1.1.0",
        "object-assign": "^4.1.1",
        "prop-types": "^15.6.2"
      },
      "engines": {
        "node": ">=0.10.0"
      }
    },
    "node_modules/react-custom-scrollbars": {
      "version": "4.2.1",
      "resolved": "https://registry.npmjs.org/react-custom-scrollbars/-/react-custom-scrollbars-4.2.1.tgz",
      "integrity": "sha512-VtJTUvZ7kPh/auZWIbBRceGPkE30XBYe+HktFxuMWBR2eVQQ+Ur6yFJMoaYcNpyGq22uYJ9Wx4UAEcC0K+LNPQ==",
      "dependencies": {
        "dom-css": "^2.0.0",
        "prop-types": "^15.5.10",
        "raf": "^3.1.0"
      },
      "peerDependencies": {
        "react": "^0.14.0 || ^15.0.0 || ^16.0.0",
        "react-dom": "^0.14.0 || ^15.0.0 || ^16.0.0"
      }
    },
    "node_modules/react-dom": {
      "version": "16.14.0",
      "resolved": "https://registry.npmjs.org/react-dom/-/react-dom-16.14.0.tgz",
      "integrity": "sha512-1gCeQXDLoIqMgqD3IO2Ah9bnf0w9kzhwN5q4FGnHZ67hBm9yePzB5JJAIQCc8x3pFnNlwFq4RidZggNAAkzWWw==",
      "peer": true,
      "dependencies": {
        "loose-envify": "^1.1.0",
        "object-assign": "^4.1.1",
        "prop-types": "^15.6.2",
        "scheduler": "^0.19.1"
      },
      "peerDependencies": {
        "react": "^16.14.0"
      }
    },
    "node_modules/react-is": {
      "version": "16.13.1",
      "resolved": "https://registry.npmjs.org/react-is/-/react-is-16.13.1.tgz",
      "integrity": "sha512-24e6ynE2H+OKt4kqsOvNd8kBpV65zoxbA4BVsEOB3ARVWQki/DHzaUoC5KuON/BiccDaCCTZBuOcfZs70kR8bQ=="
    },
    "node_modules/scheduler": {
      "version": "0.19.1",
      "resolved": "https://registry.npmjs.org/scheduler/-/scheduler-0.19.1.tgz",
      "integrity": "sha512-n/zwRWRYSUj0/3g/otKDRPMh6qv2SYMWNq85IEa8iZyAv8od9zDYpGSnpBEjNgcMNq6Scbu5KfIPxNF72R/2EA==",
      "peer": true,
      "dependencies": {
        "loose-envify": "^1.1.0",
        "object-assign": "^4.1.1"
      }
    },
    "node_modules/semver": {
      "version": "6.3.1",
      "resolved": "https://registry.npmjs.org/semver/-/semver-6.3.1.tgz",
      "integrity": "sha512-BR7VvDCVHO+q2xBEWskxS6DJE1qRnb7DxzUrogb71CWoSficBxYsiAGd+Kl0mmq/MprG9yArRkyrQxTO6XjMzA==",
      "dev": true,
      "bin": {
        "semver": "bin/semver.js"
      }
    },
    "node_modules/strip-outer": {
      "version": "1.0.1",
      "resolved": "https://registry.npmjs.org/strip-outer/-/strip-outer-1.0.1.tgz",
      "integrity": "sha512-k55yxKHwaXnpYGsOzg4Vl8+tDrWylxDEpknGjhTiZB8dFRU5rTo9CAzeycivxV3s+zlTKwrs6WxMxR95n26kwg==",
      "dev": true,
      "dependencies": {
        "escape-string-regexp": "^1.0.2"
      },
      "engines": {
        "node": ">=0.10.0"
      }
    },
    "node_modules/to-camel-case": {
      "version": "1.0.0",
      "resolved": "https://registry.npmjs.org/to-camel-case/-/to-camel-case-1.0.0.tgz",
      "integrity": "sha512-nD8pQi5H34kyu1QDMFjzEIYqk0xa9Alt6ZfrdEMuHCFOfTLhDG5pgTu/aAM9Wt9lXILwlXmWP43b8sav0GNE8Q==",
      "dependencies": {
        "to-space-case": "^1.0.0"
      }
    },
    "node_modules/to-no-case": {
      "version": "1.0.2",
      "resolved": "https://registry.npmjs.org/to-no-case/-/to-no-case-1.0.2.tgz",
      "integrity": "sha512-Z3g735FxuZY8rodxV4gH7LxClE4H0hTIyHNIHdk+vpQxjLm0cwnKXq/OFVZ76SOQmto7txVcwSCwkU5kqp+FKg=="
    },
    "node_modules/to-space-case": {
      "version": "1.0.0",
      "resolved": "https://registry.npmjs.org/to-space-case/-/to-space-case-1.0.0.tgz",
      "integrity": "sha512-rLdvwXZ39VOn1IxGL3V6ZstoTbwLRckQmn/U8ZDLuWwIXNpuZDhQ3AiRUlhTbOXFVE9C+dR51wM0CBDhk31VcA==",
      "dependencies": {
        "to-no-case": "^1.0.0"
      }
    },
    "node_modules/trim-repeated": {
      "version": "1.0.0",
      "resolved": "https://registry.npmjs.org/trim-repeated/-/trim-repeated-1.0.0.tgz",
      "integrity": "sha512-pkonvlKk8/ZuR0D5tLW8ljt5I8kmxp2XKymhepUeOdCEfKpZaktSArkLHZt76OB1ZvO9bssUsDty4SWhLvZpLg==",
      "dev": true,
      "dependencies": {
        "escape-string-regexp": "^1.0.2"
      },
      "engines": {
        "node": ">=0.10.0"
      }
    },
    "node_modules/universalify": {
      "version": "2.0.1",
      "resolved": "https://registry.npmjs.org/universalify/-/universalify-2.0.1.tgz",
      "integrity": "sha512-gptHNQghINnc/vTGIk0SOFGFNXw7JVrlRUtConJRlvaw6DuX0wO5Jeko9sWrMBhh+PsYAZ7oXAiOnf/UKogyiw==",
      "dev": true,
      "engines": {
        "node": ">= 10.0.0"
      }
    },
    "node_modules/wrappy": {
      "version": "1.0.2",
      "resolved": "https://registry.npmjs.org/wrappy/-/wrappy-1.0.2.tgz",
      "integrity": "sha512-l4Sp/DRseor9wL6EvV2+TuQn63dMkPjZ/sp9XkghTEbV9KlPS1xUsZ3u7/IQO4wxtcFB4bgpQPRcR3QCvezPcQ==",
      "dev": true
    }
  }
}
